MDL01	300
MDL02	301
MDL03	302
MDL04	303
MDL05	304
MDL06	305
MDL07	306
MDL08	307
MDL09	308
MDL10	309
MDL11	310
MDL12	311
MDL13	312
MDL14	313
MDL15	314
MDL16	315
MDL17	316
MDL18	317
MDL19	318
MDL20	319
MDL21	320
MDL22	321
MDL23	322
MDL24	323
MVL01	324
MVL02	325
MVL03	326
MVL04	327
MVL05	328
MVL06	329
MVL07	330
MVL08	331
MVL09	332
MVL10	333
MVL11	334
MVL12	335
MVL13	336
MVL14	337
MVL15	338
MVL16	339
MVL17	340
MVL18	341
MVL19	342
MVL20	343
MVL21	344
MVL22	345
MVL23	346
MVL24	347
MDR01	348
MDR02	349
MDR03	350
MDR04	351
MDR05	352
MDR06	353
MDR07	354
MDR08	355
MDR09	356
MDR10	357
MDR11	358
MDR12	359
MDR13	360
MDR14	361
MDR15	362
MDR16	363
MDR17	364
MDR18	365
MDR19	366
MDR20	367
MDR21	368
MDR22	369
MDR23	370
MDR24	371
MVR01	372
MVR02	373
MVR03	374
MVR04	375
MVR05	376
MVR06	377
MVR07	378
MVR08	379
MVR09	380
MVR10	381
MVR11	382
MVR12	383
MVR13	384
MVR14	385
MVR15	386
MVR16	387
MVR17	388
MVR18	389
MVR19	390
MVR20	391
MVR21	392
MVR22	393
MVR23	394
MVR24	395
